,city,clouds,country,humidity,lat,lon,max_temp,wind_speed,date
0,hobart,40,AU,42,-42.88,147.33,64.4,21.92,10/19/2019
1,taolanaro,NaN,NaN,NaN,NaN,NaN,NaN,NaN,10/19/2019
2,karlskrona,100,SE,100,56.16,15.59,53.6,5.82,10/19/2019
3,mar del plata,0,AR,25,-46.43,-67.52,64.75,10.02,10/19/2019
4,albany,1,US,86,42.65,-73.75,41,1.97,10/19/2019
5,castro,0,CL,100,-42.48,-73.76,42.8,3.36,10/19/2019
6,yumen,0,CN,18,40.29,97.04,49.69,7,10/19/2019
7,umkomaas,24,ZA,88,-30.21,30.8,68,1.01,10/19/2019
8,mangan,30,IN,47,27.5,88.54,62.2,3.33,10/19/2019
9,punta arenas,0,CL,50,-53.16,-70.91,51.8,10.29,10/19/2019
10,jemnice,90,CZ,100,49.02,15.57,52,5.82,10/19/2019
11,khatanga,94,RU,87,71.98,102.47,1.3,10,10/19/2019
12,ancud,0,CL,100,-41.87,-73.83,42.8,3.36,10/19/2019
13,victoria,75,BN,70,5.28,115.24,89.6,1.12,10/19/2019
14,kavieng,33,PG,73,-2.57,150.8,83.74,10.07,10/19/2019
15,sambava,46,MG,80,-14.27,50.17,68.3,3.06,10/19/2019
16,umm durman,NaN,NaN,NaN,NaN,NaN,NaN,NaN,10/19/2019
17,guiratinga,100,BR,89,-16.35,-53.76,72.2,1.41,10/19/2019
18,barrow,0,AR,70,-38.31,-60.23,53.65,11.54,10/19/2019
19,mataura,100,NZ,86,-46.19,168.86,54,5.01,10/19/2019
20,puerto ayora,48,EC,88,-0.74,-90.35,68,7,10/19/2019
21,torbay,90,CA,93,47.66,-52.73,48.99,20.8,10/19/2019
22,arraial do cabo,80,BR,89,-22.97,-42.02,72.64,9.89,10/19/2019
23,saldanha,94,PT,82,41.42,-6.55,47.09,14.56,10/19/2019
24,yellowknife,20,CA,86,62.45,-114.38,28.99,6.93,10/19/2019
25,haines junction,98,CA,90,60.75,-137.51,25.39,2.89,10/19/2019
26,catamarca,NaN,NaN,NaN,NaN,NaN,NaN,NaN,10/19/2019
27,jamestown,0,AU,23,-33.21,138.6,71.57,6.55,10/19/2019
28,provideniya,48,RU,82,64.42,-173.23,22.6,5.53,10/19/2019
29,sao bento do una,NaN,NaN,NaN,NaN,NaN,NaN,NaN,10/19/2019
30,sechura,57,PE,87,-5.56,-80.82,63.47,12.41,10/19/2019
31,rwamagana,88,RW,93,-1.95,30.43,66,1.99,10/19/2019
32,saint-pierre,99,FR,100,48.95,4.24,53.6,2.24,10/19/2019
33,qaanaaq,0,GL,48,77.48,-69.36,0.87,6.31,10/19/2019
34,bereda,20,ES,100,43.27,-7.54,48.99,1.12,10/19/2019
35,karratha,85,AU,13,-20.74,116.85,98.95,6.96,10/19/2019
36,east london,90,ZA,93,-33.02,27.91,66.2,12.75,10/19/2019
37,tuban,100,ID,33,-6.9,112.07,93.89,13.02,10/19/2019
38,lorengau,90,PG,80,-2.02,147.27,83.06,7.27,10/19/2019
39,saleaula,NaN,NaN,NaN,NaN,NaN,NaN,NaN,10/19/2019
40,san patricio,38,PY,80,-26.98,-56.83,61.21,6.89,10/19/2019
41,butaritari,74,KI,72,3.07,172.79,84.62,9.91,10/19/2019
42,vaini,75,IN,100,15.34,74.49,73.4,3.36,10/19/2019
43,rikitea,54,PF,73,-23.12,-134.97,69.11,18.05,10/19/2019
44,louisbourg,NaN,NaN,NaN,NaN,NaN,NaN,NaN,10/19/2019
45,hualmay,85,PE,89,-11.1,-77.61,61.82,17.6,10/19/2019
46,meshchovsk,100,RU,90,54.32,35.29,50.12,8.5,10/19/2019
47,maragua,75,KE,93,-0.8,37.13,62.6,5.82,10/19/2019
48,mungeli,100,IN,80,22.07,81.69,74.87,4.52,10/19/2019
49,gemena,94,CD,98,3.25,19.78,67.88,0.83,10/19/2019
50,talnakh,40,RU,92,69.49,88.39,14,15.05,10/19/2019
51,pangnirtung,89,CA,54,66.15,-65.72,13.9,2.04,10/19/2019
52,tiksi,80,RU,95,71.64,128.87,7.62,4.85,10/19/2019
53,gigmoto,100,PH,71,13.78,124.39,83.08,3.49,10/19/2019
54,oga,75,IT,100,46.46,10.35,46.4,1.12,10/19/2019
55,oriximina,48,BR,80,-1.77,-55.87,79.94,4.61,10/19/2019
56,mandalgovi,27,MN,31,45.76,106.27,37.63,7.45,10/19/2019
57,kapaa,40,US,74,22.08,-159.32,82.4,11.41,10/19/2019
58,codrington,40,AU,47,-28.95,153.24,77,17.22,10/19/2019
59,barra do garcas,100,BR,86,-15.89,-52.26,71.74,3.8,10/19/2019
60,pevek,99,RU,73,69.7,170.27,26.88,17.36,10/19/2019
61,comodoro rivadavia,0,AR,30,-45.87,-67.48,69.8,11.41,10/19/2019
62,touros,75,BR,88,-5.2,-35.46,75.2,4.7,10/19/2019
63,kothen,91,DE,95,50.37,9.77,55.99,3.76,10/19/2019
64,geraldton,90,CA,93,49.72,-86.95,48.2,10.29,10/19/2019
65,bredasdorp,0,ZA,87,-34.53,20.04,55.4,6.93,10/19/2019
66,cape town,0,ZA,100,-33.93,18.42,62.01,2.24,10/19/2019
67,tsihombe,NaN,NaN,NaN,NaN,NaN,NaN,NaN,10/19/2019
68,upernavik,100,GL,76,72.79,-56.15,27.55,11.1,10/19/2019
69,souillac,100,FR,100,45.6,-0.6,55.4,4.7,10/19/2019
70,lasa,20,CY,82,34.92,32.53,68,6.93,10/19/2019
71,ushuaia,75,AR,43,-54.81,-68.31,55.4,18.34,10/19/2019
72,assiros,75,GR,93,40.82,23.03,63,2.24,10/19/2019
73,saint-philippe,1,CA,93,45.36,-73.48,39,3.36,10/19/2019
74,santa lucia,0,IT,87,41.98,12.66,64.4,2.24,10/19/2019
75,port elizabeth,1,US,87,39.31,-74.98,54,4.25,10/19/2019
76,norman wells,75,CA,92,65.28,-126.83,30.2,3.36,10/19/2019
77,hermanus,0,ZA,96,-34.42,19.24,59,8.3,10/19/2019
78,samana,91,EC,99,0.12,-76.97,70.57,1.03,10/19/2019
79,bandarbeyla,98,SO,82,9.49,50.81,74.89,9.82,10/19/2019
80,kahului,20,US,55,20.89,-156.47,86,12.75,10/19/2019
81,yumbe,0,UG,91,3.47,31.25,64.03,3.6,10/19/2019
82,gangotri,NaN,NaN,NaN,NaN,NaN,NaN,NaN,10/19/2019
83,thompson,90,CA,80,55.74,-97.86,39.2,10.29,10/19/2019
84,batavia,1,US,93,43,-78.19,46,3.36,10/19/2019
85,atuona,0,PF,71,-9.8,-139.03,79.93,17.83,10/19/2019
86,san bartolome de tirajana,NaN,NaN,NaN,NaN,NaN,NaN,NaN,10/19/2019
87,kodiak,1,US,93,39.95,-94.76,50,4.32,10/19/2019
88,ixtapa,90,MX,100,20.71,-105.21,77,7.2,10/19/2019
89,hasaki,75,JP,64,35.73,140.83,73.99,11.41,10/19/2019
90,luderitz,0,NA,76,-26.65,15.16,58.16,17.98,10/19/2019
91,bairiki,NaN,NaN,NaN,NaN,NaN,NaN,NaN,10/19/2019
92,hithadhoo,99,MV,79,-0.6,73.08,81.8,15.57,10/19/2019
93,zhicheng,100,CN,46,35.04,112.59,71.93,2.64,10/19/2019
94,sabang,2,PH,83,13.8,121.11,82,5.99,10/19/2019
95,chokurdakh,41,RU,94,70.62,147.9,3.68,8.61,10/19/2019
96,verkhoyansk,96,RU,90,67.55,133.39,19.27,1.25,10/19/2019
97,goderich,72,CA,91,43.74,-81.71,46,11.99,10/19/2019
98,ewa beach,90,US,74,21.32,-158.01,87.8,9.17,10/19/2019
99,saint-joseph,90,FR,88,43.56,6.97,69.01,6.58,10/19/2019
100,husavik,15,CA,91,50.56,-96.99,44.01,8.05,10/19/2019
101,asayita,NaN,NaN,NaN,NaN,NaN,NaN,NaN,10/19/2019
102,hilo,90,US,83,19.71,-155.08,77,5.82,10/19/2019
103,zalari,86,RU,59,53.57,102.52,35.16,5.5,10/19/2019
104,cabo san lucas,75,MX,83,22.89,-109.91,78.01,11.41,10/19/2019
105,mergui,NaN,NaN,NaN,NaN,NaN,NaN,NaN,10/19/2019
106,bulolo,82,PG,49,-7.2,146.64,84.91,4.5,10/19/2019
107,new norfolk,40,AU,39,-42.78,147.06,66.2,20.8,10/19/2019
108,vangaindrano,53,MG,93,-23.35,47.6,66.57,3.78,10/19/2019
109,saint george,20,GR,93,39.45,22.34,57.2,5.82,10/19/2019
110,sentyabrskiy,NaN,NaN,NaN,NaN,NaN,NaN,NaN,10/19/2019
111,abu dhabi,0,AE,83,24.47,54.37,80.6,3.36,10/19/2019
112,zhanatas,NaN,NaN,NaN,NaN,NaN,NaN,NaN,10/19/2019
113,georgetown,40,GY,94,6.8,-58.16,77,4.7,10/19/2019
114,coihueco,68,CL,87,-36.63,-71.83,55,2.24,10/19/2019
115,bambous virieux,40,MU,69,-20.34,57.76,75,11.41,10/19/2019
116,ribeira grande,17,PT,64,38.52,-28.7,63.76,11.18,10/19/2019
117,codajas,91,BR,90,-3.84,-62.06,72.6,1.07,10/19/2019
118,singkang,75,MY,70,2.1,102.8,86,8.05,10/19/2019
119,lebu,75,ET,82,8.96,38.73,57.2,4.7,10/19/2019
120,houston,1,US,83,29.76,-95.37,80.01,8.9,10/19/2019
121,ahipara,99,NZ,77,-35.17,173.16,66.99,2.89,10/19/2019
122,nikolskoye,20,RU,87,59.7,30.79,48,8.95,10/19/2019
123,aklavik,75,CA,85,68.22,-135.01,23,8.05,10/19/2019
124,qaqortoq,100,GL,81,60.72,-46.03,44.6,2.24,10/19/2019
125,morant bay,20,JM,69,17.88,-76.41,82.4,2.24,10/19/2019
126,nouakchott,37,MR,64,18.08,-15.98,75.2,14.99,10/19/2019
127,ojuelos de jalisco,100,MX,80,21.86,-101.59,62.95,8.39,10/19/2019
128,the valley,20,AI,78,18.22,-63.06,82.4,6.93,10/19/2019
129,alofi,35,NU,78,-19.06,-169.92,80.6,11.41,10/19/2019
130,mahebourg,40,MU,69,-20.41,57.7,75,11.41,10/19/2019
131,cidreira,100,BR,82,-30.17,-50.22,56.11,4.54,10/19/2019
132,arlit,6,NE,17,18.74,7.39,87.07,6.8,10/19/2019
133,keti bandar,0,PK,53,24.14,67.45,83.85,12.41,10/19/2019
134,katsuura,75,JP,60,33.93,134.5,73.4,12.75,10/19/2019
135,gamba,47,CN,50,28.28,88.52,34.22,5.03,10/19/2019
136,carnarvon,0,ZA,23,-30.97,22.13,61.78,5.97,10/19/2019
137,grand river south east,NaN,NaN,NaN,NaN,NaN,NaN,NaN,10/19/2019
138,varkkallai,75,IN,83,8.73,76.71,80.6,1.12,10/19/2019
139,barentsburg,NaN,NaN,NaN,NaN,NaN,NaN,NaN,10/19/2019
140,fairbanks,75,US,69,64.84,-147.72,33.8,2.91,10/19/2019
141,corinto,75,CO,88,3.17,-76.26,68,5.82,10/19/2019
142,hay river,90,CA,80,60.82,-115.79,33.8,4.7,10/19/2019
143,visby,100,SE,100,57.64,18.3,53.01,10.29,10/19/2019
144,zhuhai,0,CN,26,40.71,112.04,48.2,4.47,10/19/2019
145,sao felix do xingu,84,BR,95,-6.64,-51.99,72.06,1.5,10/19/2019
146,faanui,32,PF,79,-16.48,-151.75,80.65,12.19,10/19/2019
147,naze,40,NG,100,5.43,7.07,73.4,3.67,10/19/2019
148,port hardy,75,CA,87,50.7,-127.42,46.4,8.05,10/19/2019
149,ostrovnoy,100,RU,73,68.05,39.51,32.12,19.89,10/19/2019
150,khonuu,NaN,NaN,NaN,NaN,NaN,NaN,NaN,10/19/2019
151,carutapera,35,BR,77,-1.2,-46.02,80.27,6.6,10/19/2019
152,severnyy,NaN,NaN,NaN,NaN,NaN,NaN,NaN,10/19/2019
153,tuktoyaktuk,20,CA,79,69.44,-133.03,21.2,12.75,10/19/2019
154,satitoa,NaN,NaN,NaN,NaN,NaN,NaN,NaN,10/19/2019
155,puerto carreno,90,CO,90,6.19,-67.49,76.34,0.27,10/19/2019
156,thinadhoo,92,MV,78,0.53,72.93,82.21,15.46,10/19/2019
157,otane,20,NZ,66,-39.89,176.62,64,10,10/19/2019
158,adrar,0,DZ,28,27.87,-0.29,71.6,10.29,10/19/2019
159,zonguldak,0,TR,79,41.25,31.83,64.45,3.22,10/19/2019
160,maraba,0,BR,78,-5.35,-49.1,82.4,4.7,10/19/2019
161,mahibadhoo,50,MV,77,3.78,72.97,82.79,10.47,10/19/2019
162,lashio,15,MM,62,22.93,97.75,79.94,1.07,10/19/2019
163,dikson,100,RU,95,73.51,80.55,26.56,25.59,10/19/2019
164,bilma,23,NE,24,18.69,12.92,82.88,5.21,10/19/2019
165,lensk,100,RU,75,60.71,114.91,31.06,7.16,10/19/2019
166,high level,90,CA,94,58.52,-117.13,32,2.24,10/19/2019
167,nangong,87,CN,40,37.36,115.37,71.23,9.82,10/19/2019
168,beringovskiy,100,RU,78,63.05,179.32,22.87,6.35,10/19/2019
169,puerto baquerizo moreno,100,EC,81,-0.9,-89.6,68.78,14.79,10/19/2019
170,yulara,91,AU,11,-25.24,130.99,89.6,14.99,10/19/2019
171,iquique,75,CL,72,-20.22,-70.14,62.6,11.41,10/19/2019
172,hofn,41,IS,36,64.25,-15.21,26.05,5.93,10/19/2019
173,narrabri,0,AU,12,-30.33,149.78,77,12.75,10/19/2019
174,gazanjyk,0,TM,22,39.24,55.52,59.59,5.66,10/19/2019
175,muros,40,ES,100,42.77,-9.06,54,2.24,10/19/2019
176,cherskiy,91,RU,93,68.75,161.3,8.88,5.88,10/19/2019
177,riverton,1,US,69,43.02,-108.38,44.01,8.84,10/19/2019
178,busselton,0,AU,42,-33.64,115.35,78.01,12.5,10/19/2019
179,banjarmasin,20,ID,70,-3.32,114.59,86,3.36,10/19/2019
180,bluff,0,AU,9,-23.58,149.07,88.64,11.92,10/19/2019
181,porto novo,75,BR,88,-23.68,-45.44,68,3.36,10/19/2019
182,portland,1,US,80,43.66,-70.25,43,2.3,10/19/2019
183,bayan,56,CN,49,36.1,102.26,44.74,2.98,10/19/2019
184,san juan,83,AR,60,-31.54,-68.53,51.27,3.71,10/19/2019
185,noyabrsk,86,RU,69,63.2,75.45,23.6,13.13,10/19/2019
186,ekhabi,100,RU,71,53.51,142.97,47.29,4.14,10/19/2019
187,opuwo,93,NA,53,-18.06,13.84,70.96,1.36,10/19/2019
188,hamilton,75,CA,100,43.26,-79.87,50,4.7,10/19/2019
189,ulaangom,100,MN,42,49.98,92.07,38.36,1.19,10/19/2019
190,iqaluit,20,CA,73,63.75,-68.52,24.8,5.82,10/19/2019
191,lianzhou,0,CN,43,24.79,112.38,79.01,1.9,10/19/2019
192,illoqqortoormiut,NaN,NaN,NaN,NaN,NaN,NaN,NaN,10/19/2019
193,tarko-sale,100,RU,85,64.92,77.78,23,4,10/19/2019
194,srandakan,69,ID,81,-7.94,110.25,77.89,12.06,10/19/2019
195,pasaje,90,EC,33,-3.33,-79.81,89.6,5.82,10/19/2019
196,guerrero negro,0,MX,80,27.97,-114.04,67.56,18.16,10/19/2019
197,nome,90,US,88,30.04,-94.42,78.8,4.7,10/19/2019
198,salinas,90,US,87,36.67,-121.66,62.6,4.7,10/19/2019
199,vanavara,83,RU,59,60.35,102.28,24.68,4,10/19/2019
200,yilan,10,CN,54,43.11,129.52,60.18,3.56,10/19/2019
201,rudnogorsk,62,RU,70,57.27,103.75,30.5,2.95,10/19/2019
202,tuatapere,91,NZ,86,-46.13,167.69,54,5.01,10/19/2019
203,isangel,75,VU,88,-19.55,169.27,73.4,11.41,10/19/2019
204,kununurra,1,AU,16,-15.77,128.74,105.8,11.41,10/19/2019
205,nalut,0,LY,45,31.86,10.98,69.18,13.09,10/19/2019
206,lamu,56,CN,49,35.77,102.37,44.74,2.98,10/19/2019
207,avarua,28,CK,83,-21.21,-159.78,75.2,10.29,10/19/2019
208,necochea,0,AR,95,-38.55,-58.74,42.01,4,10/19/2019
209,serpneve,0,UA,91,46.3,29.02,52.82,4.68,10/19/2019
210,cabra,40,ES,87,37.47,-4.43,62.01,9.17,10/19/2019
211,solnechnyy,91,RU,69,50.72,136.64,48.46,2.89,10/19/2019
212,manokwari,23,ID,70,-0.87,134.08,80.61,6.11,10/19/2019
213,meulaboh,82,ID,80,4.14,96.13,80.9,6.82,10/19/2019
214,port alfred,100,ZA,97,-33.59,26.89,64.99,4,10/19/2019
215,shangrao,0,CN,34,28.45,117.97,79.33,3.38,10/19/2019
216,atar,0,MR,27,20.52,-13.05,79.51,7.36,10/19/2019
217,kedrovyy,75,RU,79,56.17,91.82,24.8,4.47,10/19/2019
218,puerto escondido,86,MX,89,15.86,-97.07,75.79,2.64,10/19/2019
219,wanning,75,AT,100,48.64,13.53,51.01,6.93,10/19/2019
220,margate,40,AU,39,-43.03,147.26,66.2,20.8,10/19/2019
221,kaeo,100,NZ,77,-35.1,173.78,66.99,5.55,10/19/2019
222,sinnamary,85,GF,83,5.38,-52.96,81.47,15.1,10/19/2019
223,hunza,NaN,NaN,NaN,NaN,NaN,NaN,NaN,10/19/2019
224,lagoa,0,PT,87,37.14,-8.45,57.99,2.24,10/19/2019
225,harper,75,US,48,30.3,-99.24,73.99,5.21,10/19/2019
226,ligayan,76,PH,71,4.65,119.47,84.03,5.1,10/19/2019
227,pisco,0,PE,82,-13.71,-76.2,62.6,11.41,10/19/2019
228,havre-saint-pierre,75,CA,80,50.23,-63.6,39.2,6.93,10/19/2019
229,fukue,20,JP,53,35.03,136.69,77,10.29,10/19/2019
230,amderma,NaN,NaN,NaN,NaN,NaN,NaN,NaN,10/19/2019
231,ilulissat,83,GL,79,69.22,-51.1,28.4,5.82,10/19/2019
232,kloulklubed,75,PW,66,7.04,134.26,87.8,4.7,10/19/2019
233,stokmarknes,97,NO,73,68.56,14.91,30.99,5.99,10/19/2019
234,beyneu,33,KZ,41,45.32,55.19,57.08,7.72,10/19/2019
235,ponta do sol,67,BR,83,-20.63,-46,67.97,2.06,10/19/2019
236,macamic,75,CA,79,48.75,-79,41,5.82,10/19/2019
237,saskylakh,0,RU,91,71.97,114.09,-4.44,3.31,10/19/2019
238,klaksvik,100,FO,62,62.23,-6.59,41,5.82,10/19/2019
239,esperance,79,AU,32,-33.86,121.89,82.4,16.11,10/19/2019
240,marienburg,75,DE,93,52.12,9.98,55.99,2.24,10/19/2019
241,nizhneyansk,NaN,NaN,NaN,NaN,NaN,NaN,NaN,10/19/2019
242,carroll,0,AU,15,-30.99,150.44,77,6.93,10/19/2019
243,belmonte,100,PT,79,40.36,-7.35,50,5.99,10/19/2019
244,sterlibashevo,100,RU,79,53.44,55.26,30.32,12.17,10/19/2019
245,dingle,91,PH,74,11,122.67,85.38,9.89,10/19/2019
246,toliary,NaN,NaN,NaN,NaN,NaN,NaN,NaN,10/19/2019
247,izhma,100,RU,81,65.01,53.91,33.36,14.67,10/19/2019
248,karatau,0,KZ,31,43.18,70.46,53.11,2.1,10/19/2019
249,tessaoua,36,NE,52,13.76,7.99,82.84,7.92,10/19/2019
250,kaitangata,100,NZ,67,-46.28,169.85,55,7,10/19/2019
251,samalaeulu,NaN,NaN,NaN,NaN,NaN,NaN,NaN,10/19/2019
252,ternate,40,PH,62,14.29,120.72,91,8.05,10/19/2019
253,rio claro,84,BR,85,-22.41,-47.56,65.42,13.06,10/19/2019
254,port keats,4,AU,58,-14.25,129.55,89.54,13.27,10/19/2019
255,nioro,67,GM,76,13.79,-15.05,80.97,7.56,10/19/2019
256,toora-khem,100,RU,73,52.47,96.11,29.15,2.68,10/19/2019
257,ishinomaki,75,JP,43,38.42,141.3,71.6,17.22,10/19/2019
258,dudinka,40,RU,92,69.41,86.18,14,19.33,10/19/2019
259,okhotsk,95,RU,68,59.36,143.24,35.05,6.6,10/19/2019
260,kutum,57,SD,57,14.2,24.66,74.89,4,10/19/2019
261,tura,20,RU,86,64.27,100.22,11.06,3.49,10/19/2019
262,malakal,NaN,NaN,NaN,NaN,NaN,NaN,NaN,10/19/2019
263,luwuk,100,ID,92,-0.95,122.79,70.67,4.36,10/19/2019
264,inderborskiy,NaN,NaN,NaN,NaN,NaN,NaN,NaN,10/19/2019
265,bilibino,0,RU,95,68.06,166.44,1.19,0.6,10/19/2019
266,atlantic city,NaN,NaN,NaN,NaN,NaN,NaN,NaN,10/19/2019
267,hobyo,26,SO,72,5.35,48.53,77.57,12.28,10/19/2019
268,pangkalanbuun,100,ID,61,-2.68,111.62,89.25,3.67,10/19/2019
269,nador,0,MA,72,35.17,-2.93,73.4,8.05,10/19/2019
270,kishtwar,0,IN,52,33.31,75.77,42.86,2.17,10/19/2019
271,micheweni,95,TZ,80,-4.97,39.83,79.55,5.88,10/19/2019
272,ruatoria,NaN,NaN,NaN,NaN,NaN,NaN,NaN,10/19/2019
273,lieksa,100,FI,96,63.32,30.02,44.54,4.81,10/19/2019
274,vestmanna,100,FO,61,62.16,-7.17,41,5.82,10/19/2019
275,tasbuget,NaN,NaN,NaN,NaN,NaN,NaN,NaN,10/19/2019
276,vao,100,EE,96,59.1,26.19,46.73,7.38,10/19/2019
277,chontalpa,100,MX,95,17.7,-93.52,78.79,4.47,10/19/2019
278,el alto,90,BO,93,-16.5,-68.19,41,5.82,10/19/2019
279,tarata,75,PE,82,-17.47,-70.03,59,4.7,10/19/2019
280,zagare,90,LT,100,56.36,23.25,50,5.82,10/19/2019
281,kolo,20,BA,93,43.71,17.22,57,2.24,10/19/2019
282,komsomolskiy,100,RU,94,67.55,63.78,25.01,20,10/19/2019
283,narsaq,100,GL,81,60.91,-46.05,44.6,2.24,10/19/2019
284,elko,1,US,41,40.83,-115.76,42.8,8.05,10/19/2019
285,tiarei,75,PF,78,-17.53,-149.33,80.6,2.24,10/19/2019
286,bengkulu,NaN,NaN,NaN,NaN,NaN,NaN,NaN,10/19/2019
287,olafsvik,NaN,NaN,NaN,NaN,NaN,NaN,NaN,10/19/2019
288,san cristobal,76,HN,90,14.68,-86.92,67.43,3.56,10/19/2019
289,nemuro,75,JP,62,43.32,145.57,59,14.99,10/19/2019
290,zaqatala,75,AZ,87,41.63,46.65,55.4,6.93,10/19/2019
291,tiznit,0,MA,88,29.7,-9.73,66.35,11.63,10/19/2019
292,majene,35,ID,81,-3.54,118.97,81.94,17.54,10/19/2019
293,tambacounda,0,SN,88,13.77,-13.67,80.6,4.7,10/19/2019
294,otukpo,98,NG,98,7.19,8.13,71.43,4.05,10/19/2019
295,tabiauea,NaN,NaN,NaN,NaN,NaN,NaN,NaN,10/19/2019
296,itoman,75,JP,94,26.12,127.67,75.2,5.82,10/19/2019
297,petatlan,100,MX,80,17.52,-101.27,80.61,4.18,10/19/2019
298,tarudant,NaN,NaN,NaN,NaN,NaN,NaN,NaN,10/19/2019
299,punta cardon,100,VE,80,11.61,-70.22,83.51,13.29,10/19/2019
300,kapit,2,MY,53,2.02,112.94,91.12,2.01,10/19/2019
301,vondrozo,29,MG,91,-22.82,47.32,60.43,2.26,10/19/2019
302,isiro,100,CD,99,2.77,27.62,67.2,2.48,10/19/2019
303,port lincoln,0,AU,73,-34.72,135.86,55.09,10,10/19/2019
304,luanda,75,AO,88,-8.83,13.24,75.2,5.82,10/19/2019
305,rio cuarto,75,AR,77,-33.13,-64.35,59,9.17,10/19/2019
306,aswan,0,EG,29,24.09,32.9,75.43,7.49,10/19/2019
307,buraydah,0,SA,46,26.33,43.97,71.6,6.93,10/19/2019
308,airai,5,TL,38,-8.93,125.41,91.75,6.06,10/19/2019
309,palmerston north,69,NZ,66,-40.35,175.62,62.01,8.01,10/19/2019
310,severo-kurilsk,0,RU,77,50.68,156.12,40.63,15.48,10/19/2019
311,kruisfontein,100,ZA,93,-34,24.73,61.69,7.07,10/19/2019
312,galesong,20,ID,44,-5.32,119.37,93.2,10.29,10/19/2019
313,cayenne,0,GF,88,4.94,-52.33,78.8,2.24,10/19/2019
314,bathsheba,20,BB,74,13.22,-59.52,82.4,9.17,10/19/2019
315,ponta delgada,40,PT,67,37.73,-25.67,60.8,6.93,10/19/2019
316,samusu,NaN,NaN,NaN,NaN,NaN,NaN,NaN,10/19/2019
317,madingou,99,CG,95,-4.17,13.56,72.94,3.6,10/19/2019
318,chenzhou,0,CN,40,25.81,113.03,79.6,3.02,10/19/2019
319,belushya guba,NaN,NaN,NaN,NaN,NaN,NaN,NaN,10/19/2019
320,gisborne,23,NZ,54,-38.66,178.02,69.01,1.99,10/19/2019
321,vila franca do campo,40,PT,67,37.72,-25.43,60.8,6.93,10/19/2019
322,bethel,1,US,63,60.79,-161.76,33.8,5.82,10/19/2019
323,salalah,0,OM,60,17.01,54.1,75.2,3.36,10/19/2019
324,juneau,90,US,87,58.3,-134.42,45,5.82,10/19/2019
325,tautira,75,PF,78,-17.73,-149.15,80.6,2.24,10/19/2019
326,hambantota,40,LK,100,6.12,81.12,78.8,4.7,10/19/2019
327,olga,1,US,68,34.11,-118.17,71.01,1.36,10/19/2019
328,tagusao,100,PH,69,9.19,117.81,83.85,4.36,10/19/2019
329,te anau,89,NZ,82,-45.41,167.72,45.4,6.31,10/19/2019
330,burnie,100,AU,74,-41.05,145.91,57.99,3,10/19/2019
331,jalu,0,LY,83,29.03,21.55,67.31,7.92,10/19/2019
332,novikovo,75,RU,83,51.15,37.89,48.93,3.94,10/19/2019
333,vila velha,75,BR,83,-3.71,-38.6,79,10.29,10/19/2019
334,diamantino,100,BR,85,-14.4,-56.44,74.71,3.31,10/19/2019
335,mizan teferi,60,ET,94,6.99,35.58,60.02,3.38,10/19/2019
336,kang,0,BW,19,-23.67,22.79,68.8,8.95,10/19/2019
337,yomitan,NaN,NaN,NaN,NaN,NaN,NaN,NaN,10/19/2019
338,clyde river,1,CA,85,70.47,-68.59,17.6,3.36,10/19/2019
339,tambura,NaN,NaN,NaN,NaN,NaN,NaN,NaN,10/19/2019
340,acari,10,BR,75,-6.44,-36.64,74.8,15.08,10/19/2019
341,mlimba,78,TZ,91,-8.78,35.81,66.07,5.21,10/19/2019
342,senneterre,90,CA,86,48.39,-77.24,37.4,6.93,10/19/2019
343,tecoanapa,40,MX,94,16.99,-99.26,78.8,3.36,10/19/2019
344,batamshinskiy,90,KZ,79,50.56,58.27,26.6,15.66,10/19/2019
345,huarmey,95,PE,90,-10.07,-78.15,61.58,18.59,10/19/2019
346,black river,20,JM,88,18.03,-77.85,78.8,6.93,10/19/2019
347,acapulco,40,MX,94,16.86,-99.88,78.8,3.36,10/19/2019
348,troitsko-pechorsk,96,RU,68,62.71,56.19,27.29,13.49,10/19/2019
349,russell,1,US,61,38.9,-98.86,52,9.17,10/19/2019
350,sao raimundo das mangabeiras,0,BR,61,-7.02,-45.48,80.63,2.91,10/19/2019
351,amnat charoen,16,TH,57,15.86,104.63,86,16.49,10/19/2019
352,kiunga,61,PG,46,-6.12,141.3,92.49,3.09,10/19/2019
353,dongying,45,CN,36,37.43,118.67,73.09,7.18,10/19/2019
354,lompoc,1,US,59,34.64,-120.46,64,10.29,10/19/2019
355,detchino,0,RU,81,54.81,36.31,51.8,2.24,10/19/2019
356,antofagasta,90,CL,72,-23.65,-70.4,59,9.17,10/19/2019
357,hirado,100,JP,68,33.32,129.49,77,19.46,10/19/2019
358,voh,0,NC,77,-20.95,164.69,74.56,12.88,10/19/2019
359,vaitupu,NaN,NaN,NaN,NaN,NaN,NaN,NaN,10/19/2019
360,algiers,1,US,94,29.94,-90.04,72,2.53,10/19/2019
361,brenham,90,US,69,30.17,-96.4,82.4,8.05,10/19/2019
362,haimen,0,CN,52,31.87,121.18,73.99,4.94,10/19/2019
363,pitea,0,SE,85,65.32,21.48,26.01,9.17,10/19/2019
364,colotlan,100,MX,78,22.1,-103.27,65.17,1.05,10/19/2019
365,yunyang,100,CN,26,32.84,110.81,64.99,1.01,10/19/2019
366,chumikan,95,RU,68,54.72,135.31,41.26,2.53,10/19/2019
367,axim,98,GH,87,4.87,-2.24,77.05,9.95,10/19/2019
368,byron bay,40,AU,47,-28.65,153.62,79,17.22,10/19/2019
369,hargeysa,66,SO,91,9.56,44.06,64.81,9.91,10/19/2019
370,baruun-urt,0,MN,33,46.68,113.28,35.47,18.95,10/19/2019
371,yefira,NaN,NaN,NaN,NaN,NaN,NaN,NaN,10/19/2019
372,divnomorskoye,6,RU,71,44.5,38.13,63.51,6.87,10/19/2019
373,leningradskiy,100,RU,88,69.38,178.42,28.75,24.47,10/19/2019
374,songea,20,TZ,82,-10.68,35.65,66.2,5.82,10/19/2019
375,san andres,2,PH,61,13.32,122.68,87.11,6.04,10/19/2019
376,puerto madero,0,AR,72,-34.61,-58.36,61,11.41,10/19/2019
377,le port,34,FR,30,42.87,1.37,62.01,3.76,10/19/2019
378,wulanhaote,NaN,NaN,NaN,NaN,NaN,NaN,NaN,10/19/2019
379,tazovskiy,100,RU,76,67.47,78.7,23.71,20.29,10/19/2019
380,kamenka,0,MD,78,48.03,28.7,53.75,4.36,10/19/2019
381,porbandar,100,IN,78,21.64,69.61,80.6,6.93,10/19/2019
382,bam,0,IR,48,29.11,58.36,58.49,4.76,10/19/2019
383,bowen,75,AU,48,-20.01,148.25,86,12.75,10/19/2019
384,tari,100,NG,72,12.41,4.49,79.15,7.09,10/19/2019
385,chadan,100,RU,49,51.29,91.58,35.88,1.88,10/19/2019
386,tasiilaq,100,GL,64,65.61,-37.64,32,5.86,10/19/2019
387,broken hill,0,AU,26,-31.97,141.45,64.4,13.87,10/19/2019
388,zurrieq,20,MT,88,35.83,14.47,70,5.82,10/19/2019
389,fraga,20,ES,93,41.52,0.35,62.6,9.17,10/19/2019
390,warkworth,97,NZ,63,-36.4,174.66,66.99,13.87,10/19/2019
391,raga,NaN,NaN,NaN,NaN,NaN,NaN,NaN,10/19/2019
392,coquimbo,90,CL,81,-29.95,-71.34,53.6,5.82,10/19/2019
393,goure,100,NE,70,13.98,10.27,78.01,1.99,10/19/2019
394,tokzar,NaN,NaN,NaN,NaN,NaN,NaN,NaN,10/19/2019
395,itarema,44,BR,91,-2.92,-39.92,74.89,5.73,10/19/2019
396,athabasca,97,CA,94,54.72,-113.29,35.02,9.91,10/19/2019
397,ambilobe,11,MG,70,-13.19,49.05,73.01,10.33,10/19/2019
398,alice springs,0,AU,10,-23.7,133.88,87.8,11.41,10/19/2019
399,banjar,88,ID,70,-7.37,108.54,80.23,4.79,10/19/2019
400,qeshm,0,IR,74,26.96,56.27,80.6,2.24,10/19/2019
401,santa maria,0,BR,36,-16.02,-48.01,80.6,4.7,10/19/2019
402,kupang,20,ID,46,-10.16,123.6,91.4,10.29,10/19/2019
403,zhigansk,93,RU,93,66.77,123.37,17.9,3.69,10/19/2019
404,cockburn town,94,TC,74,21.46,-71.14,83.35,15.73,10/19/2019
405,dunda,0,IN,77,30.62,78.32,69.8,5.3,10/19/2019
406,khandyga,100,RU,99,62.65,135.58,32.28,3.83,10/19/2019
407,minbu,13,MM,82,20.18,94.88,81.69,2.98,10/19/2019
408,launceston,90,AU,45,-41.43,147.14,64.4,12.75,10/19/2019
409,presidencia roque saenz pena,97,AR,70,-26.79,-60.44,62.68,4.92,10/19/2019
410,shache,65,CN,92,38.42,77.24,50,1.66,10/19/2019
411,longyearbyen,75,NO,85,78.22,15.63,17.6,5.82,10/19/2019
412,peterhead,20,AU,48,-34.83,138.5,66,13.87,10/19/2019
413,buala,2,SB,71,-8.15,159.59,84.62,8.21,10/19/2019
414,luangwa,0,MZ,40,-15.62,30.4,69.04,3.85,10/19/2019
415,mersin,75,TR,88,36.81,34.63,71.6,3.36,10/19/2019
416,ayia galini,40,GR,93,35.1,24.68,66.99,4.7,10/19/2019
417,palmer,20,AU,48,-34.85,139.16,66,13.87,10/19/2019
418,vanimo,86,PG,69,-2.67,141.3,84.68,8.9,10/19/2019
419,terney,5,RU,48,45.05,136.61,59.01,4.63,10/19/2019
420,la ronge,40,CA,100,55.1,-105.3,30.2,3.33,10/19/2019
421,manta,0,RO,69,45.1,24.1,53.14,2.3,10/19/2019
422,the pas,75,CA,81,53.82,-101.24,33.8,3.49,10/19/2019
423,matara,100,BI,90,-3.48,29.48,51.86,1.16,10/19/2019
424,vestmannaeyjar,76,IS,72,63.44,-20.27,44.45,12.08,10/19/2019
425,ust-kuyga,99,RU,92,70,135.55,8.66,2.73,10/19/2019
426,merke,75,KZ,33,42.87,73.19,56.53,3.6,10/19/2019
427,elizabeth city,75,US,77,36.3,-76.22,64.4,6.93,10/19/2019
428,pangoa,74,PE,98,-12.12,-73,67.87,2.1,10/19/2019
429,moraga,40,US,82,37.83,-122.13,60.01,13.87,10/19/2019
430,burns lake,32,CA,89,54.23,-125.76,27.37,0.94,10/19/2019
431,linchuan,NaN,NaN,NaN,NaN,NaN,NaN,NaN,10/19/2019
432,matagami,100,NG,97,9.67,8.4,67.56,5.08,10/19/2019
433,petropavlovsk-kamchatskiy,0,RU,39,53.05,158.65,44.6,11.18,10/19/2019
434,turinsk,0,RU,73,58.04,63.7,20.94,5.44,10/19/2019
435,quelimane,75,MZ,88,-17.88,36.89,75.2,2.59,10/19/2019
436,nova odesa,0,UA,80,47.3,31.79,52.35,2.21,10/19/2019
437,sorvag,NaN,NaN,NaN,NaN,NaN,NaN,NaN,10/19/2019
438,roald,96,NO,81,62.58,6.12,42.8,12.75,10/19/2019
439,zambezi,0,ZM,40,-13.55,23.12,64,5.66,10/19/2019
440,noumea,75,NC,40,-22.28,166.46,87.8,13.87,10/19/2019
441,bardiyah,NaN,NaN,NaN,NaN,NaN,NaN,NaN,10/19/2019
442,fare,100,PF,79,-16.7,-151.02,80.05,10.87,10/19/2019
443,sarkand,100,KZ,32,45.41,79.91,53.11,1.21,10/19/2019
444,medea,75,DZ,37,36.27,2.77,82.4,12.75,10/19/2019
445,attawapiskat,NaN,NaN,NaN,NaN,NaN,NaN,NaN,10/19/2019
446,san policarpo,47,PH,67,12.18,125.51,84.57,5.44,10/19/2019
447,denpasar,20,ID,74,-8.65,115.22,86,14.99,10/19/2019
448,soyo,100,AO,83,-6.13,12.37,78.81,8.63,10/19/2019
449,awjilah,0,LY,84,29.14,21.3,67,7.45,10/19/2019
450,albanel,5,CA,85,48.88,-72.44,33.01,8.05,10/19/2019
451,tombouctou,3,ML,21,16.77,-3.01,87.81,8.41,10/19/2019
452,dalby,0,AU,12,-27.18,151.26,87.01,11.41,10/19/2019
453,nuevo progreso,40,US,83,26.05,-97.95,82.4,8.05,10/19/2019
454,lesozavodsk,0,RU,47,45.47,133.42,59.62,8.34,10/19/2019
455,barsovo,75,RU,73,61.17,73.17,23,11.18,10/19/2019
456,umtata,0,ZA,72,-31.59,28.78,62.6,3.36,10/19/2019
457,dakar,63,SN,88,14.69,-17.45,82.4,10.29,10/19/2019
458,iznoski,100,RU,93,54.99,35.31,51.11,4.43,10/19/2019
459,winnemucca,1,US,41,40.97,-117.74,42.8,9.17,10/19/2019
460,rio gallegos,40,AR,62,-51.62,-69.22,51.8,2.24,10/19/2019
461,palabuhanratu,NaN,NaN,NaN,NaN,NaN,NaN,NaN,10/19/2019
462,torrelodones,40,ES,87,40.58,-3.93,53.01,6.93,10/19/2019
463,fuquay-varina,100,US,100,35.58,-78.8,60.01,3.36,10/19/2019
464,chuy,100,UY,78,-33.69,-53.46,52.01,8.39,10/19/2019
465,kazachinskoye,0,RU,54,57.69,93.28,24.88,6.53,10/19/2019
466,birao,100,CF,87,10.3,22.78,73.81,0.87,10/19/2019
467,krasnaya gora,100,RU,87,53.01,31.6,50,8.95,10/19/2019
468,tornio,40,FI,87,61.12,27.27,48.2,12.75,10/19/2019
469,messina,20,IT,77,38.19,15.55,71.01,5.82,10/19/2019
470,kyshtovka,62,RU,75,56.56,76.62,22.65,8.84,10/19/2019
471,cascais,75,PT,87,38.7,-9.42,57.2,3.36,10/19/2019
472,iwanai,0,JP,66,42.97,140.51,57.57,10.74,10/19/2019
473,oranjestad,20,AW,83,12.52,-70.03,82.4,12.75,10/19/2019
474,benguela,15,AO,86,-12.58,13.4,71.77,4.5,10/19/2019
475,broome,12,GB,93,52.47,1.45,46,2.24,10/19/2019
476,sao joao da barra,100,BR,92,-21.64,-41.05,70.71,2.26,10/19/2019
477,port-gentil,100,GA,83,-0.72,8.78,78.99,10.6,10/19/2019
478,corn island,0,NI,71,12.17,-83.04,83.9,6.93,10/19/2019
479,del rio,1,US,46,29.36,-100.9,73.4,7.09,10/19/2019
480,evensk,100,RU,49,61.92,159.24,21.75,3.74,10/19/2019
481,tumannyy,NaN,NaN,NaN,NaN,NaN,NaN,NaN,10/19/2019
482,alyangula,28,AU,32,-13.85,136.42,95,11.41,10/19/2019
483,skalistyy,NaN,NaN,NaN,NaN,NaN,NaN,NaN,10/19/2019
484,phalaborwa,0,ZA,43,-23.95,31.14,73.4,4.7,10/19/2019
485,westport,1,US,81,41.14,-73.36,48.2,3.36,10/19/2019
486,vardo,1,US,87,39.62,-77.74,54,2.71,10/19/2019
487,magadan,24,RU,55,59.56,150.8,34.04,2.33,10/19/2019
488,mehamn,87,NO,69,71.03,27.85,28.48,6.93,10/19/2019
489,sioux lookout,40,CA,81,50.1,-91.92,46.4,5.82,10/19/2019
490,kibala,20,TD,88,9.11,18.35,77,4.7,10/19/2019
491,gambiran,65,ID,50,-7.93,111.77,86.42,8.61,10/19/2019
492,topolobampo,5,MX,65,25.6,-109.05,78.8,9.17,10/19/2019
493,asosa,3,ET,86,10.07,34.53,64.57,5.66,10/19/2019
494,araouane,0,ML,19,18.9,-3.53,84.8,6.31,10/19/2019
495,talaya,40,RU,73,55.79,84.89,19.4,4.47,10/19/2019
496,talara,28,PE,88,-4.58,-81.27,65.06,21.41,10/19/2019
497,chinsali,100,ZM,73,-10.55,32.07,68.37,2.93,10/19/2019
498,enterprise,20,US,14,36.05,-115.22,71.6,4.7,10/19/2019
499,kodinsk,75,RU,57,58.6,99.18,24.86,3.85,10/19/2019
500,betare oya,100,CM,99,5.6,14.08,66.25,0.65,10/19/2019
501,moranbah,71,AU,42,-22,148.04,85.43,15.99,10/19/2019
502,tangzhai,66,CN,62,26.73,109,71.45,2.89,10/19/2019
503,walvis bay,0,NA,95,-22.95,14.51,57.99,1.01,10/19/2019
504,kasganj,100,IN,45,27.81,78.65,80.45,4.85,10/19/2019
505,kivertsi,63,UA,93,50.83,25.46,50,2.24,10/19/2019
506,golden,1,US,35,39.76,-105.22,46.99,4.7,10/19/2019
507,mys shmidta,NaN,NaN,NaN,NaN,NaN,NaN,NaN,10/19/2019
508,kropotkin,0,RU,62,45.43,40.58,59,6.6,10/19/2019
509,qingan,NaN,NaN,NaN,NaN,NaN,NaN,NaN,10/19/2019
510,chulym,0,RU,59,55.09,80.97,23.98,8.7,10/19/2019
511,rocha,100,UY,94,-34.48,-54.34,43.06,3.42,10/19/2019
512,dunedin,100,NZ,67,-45.87,170.5,59,5.01,10/19/2019
513,paamiut,100,GL,84,61.99,-49.67,40.52,11.25,10/19/2019
514,kautokeino,0,NO,86,69.01,23.04,14.69,1.52,10/19/2019
515,flinders,0,AU,29,-34.58,150.85,73.99,13.87,10/19/2019
516,gimli,41,CA,91,50.63,-96.99,44.01,7.14,10/19/2019
517,iranshahr,0,IR,28,27.21,60.69,73.4,6.93,10/19/2019
518,muzhi,100,RU,64,65.4,64.7,26.75,14,10/19/2019
519,nanortalik,100,GL,80,60.14,-45.24,41.46,7.78,10/19/2019
520,tessalit,0,ML,26,20.2,1.01,79.26,5.19,10/19/2019
521,tacuarembo,100,UY,92,-31.73,-55.98,52.06,7.43,10/19/2019
522,orange cove,1,US,55,36.62,-119.31,69.8,7.67,10/19/2019
523,kibara,20,TZ,88,-2.15,33.45,69.8,11.41,10/19/2019
524,los llanos de aridane,40,ES,73,28.66,-17.92,69.8,3.36,10/19/2019
525,buin,75,CL,76,-33.73,-70.74,51.8,8.05,10/19/2019
526,fort nelson,90,CA,96,58.81,-122.69,35.6,2.24,10/19/2019
527,ormara,0,PK,33,25.21,64.64,82.81,3.71,10/19/2019
528,lavrentiya,28,RU,90,65.58,-170.99,20.53,2.51,10/19/2019
529,rawannawi,NaN,NaN,NaN,NaN,NaN,NaN,NaN,10/19/2019
530,cahul,0,MD,85,45.91,28.19,53.39,5.84,10/19/2019
531,kanchanaburi,100,TH,71,14.03,99.53,83.11,12.53,10/19/2019
532,bibiani,100,GH,99,6.45,-2.31,71.47,5.32,10/19/2019
533,phan rang,NaN,NaN,NaN,NaN,NaN,NaN,NaN,10/19/2019
534,falealupo,NaN,NaN,NaN,NaN,NaN,NaN,NaN,10/19/2019
535,eirunepe,71,BR,98,-6.66,-69.87,69.45,1.7,10/19/2019
536,panique,99,PH,78,12.48,122.02,82.91,14,10/19/2019
537,ngukurr,NaN,NaN,NaN,NaN,NaN,NaN,NaN,10/19/2019
538,mora,0,PT,100,38.94,-8.17,52,4.94,10/19/2019
539,baykit,99,RU,78,61.68,96.39,18.26,4.43,10/19/2019
540,shieli,15,KZ,28,44.18,66.74,50.06,6.98,10/19/2019
541,scarborough,100,GB,87,54.28,-0.41,48.2,9.17,10/19/2019
542,keningau,75,MY,70,5.33,116.16,91.4,6.93,10/19/2019
543,plouzane,0,FR,93,48.38,-4.62,46.4,3.36,10/19/2019
544,inhambane,0,MZ,93,-23.87,35.38,65.65,4.56,10/19/2019
545,luba,0,PH,61,17.32,120.7,86.48,3.33,10/19/2019
546,hinton,79,CA,62,53.4,-117.57,26.81,3.69,10/19/2019
547,otradnoye,20,RU,87,59.77,30.8,48,8.95,10/19/2019
548,siva,40,GR,93,35.21,25.04,68,4.7,10/19/2019
549,palatca,4,RO,93,46.85,23.98,46.4,2.91,10/19/2019
550,meghraj,22,IN,64,23.5,73.5,78.14,7.63,10/19/2019
551,poplar bluff,40,US,82,36.76,-90.39,59,2.8,10/19/2019
552,qasigiannguit,90,GL,79,68.82,-51.19,28.4,5.82,10/19/2019
553,hammerfest,96,NO,54,70.66,23.68,33.74,3.42,10/19/2019
554,makakilo city,90,US,74,21.35,-158.09,87.8,9.17,10/19/2019
555,roma,0,IT,87,41.89,12.48,62.01,2.24,10/19/2019
556,maceio,0,BR,94,-9.67,-35.74,71.6,4.7,10/19/2019
557,yurimaguas,88,PE,95,-5.9,-76.1,69.47,2.98,10/19/2019
558,zamora,90,ES,93,41.51,-5.74,46.4,12.75,10/19/2019
559,riyadh,0,SA,40,24.63,46.72,68,2.24,10/19/2019
560,coahuayana,99,MX,87,18.62,-100.35,73.55,1.88,10/19/2019
561,faya,0,SA,35,18.39,42.45,59,2.3,10/19/2019
562,palm coast,40,US,88,29.55,-81.22,79,11.41,10/19/2019
563,hami,2,CN,22,42.84,93.51,48.95,2.62,10/19/2019
564,bubaque,0,GW,82,11.28,-15.83,81.65,11.59,10/19/2019
565,darnah,6,LY,80,32.77,22.64,73.77,9.51,10/19/2019
566,dejen,24,ET,71,10.16,38.15,57.71,2.98,10/19/2019
567,kargasok,36,RU,73,59.06,80.87,21.5,2.86,10/19/2019
568,safranbolu,0,TR,74,41.25,32.69,52.4,2.26,10/19/2019
569,hermiston,20,US,62,45.84,-119.29,51.8,20.8,10/19/2019
570,sao miguel do tapuio,1,BR,62,-5.5,-41.32,75.12,2.98,10/19/2019
571,suicheng,34,CN,38,33.9,117.93,73.86,8.5,10/19/2019
572,den helder,90,NL,100,52.96,4.76,53.01,5.82,10/19/2019
573,lazaro cardenas,5,MX,55,28.39,-105.62,66.2,4.7,10/19/2019
574,benavente,0,ES,87,42,-5.67,48.99,5.82,10/19/2019
575,emerald,0,AU,6,-23.53,148.16,91.99,10.29,10/19/2019
576,ambon,0,FR,93,47.55,-2.56,53.01,8.05,10/19/2019
577,zhenlai,0,CN,30,45.84,123.2,59.12,16.91,10/19/2019
578,wisconsin rapids,90,US,100,44.39,-89.82,50,3.76,10/19/2019
579,malwan,NaN,NaN,NaN,NaN,NaN,NaN,NaN,10/19/2019
580,gbarnga,100,LR,99,7,-9.47,69.99,2.17,10/19/2019
581,milas,0,TR,93,37.31,27.78,59,3.36,10/19/2019
582,porto velho,40,BR,88,-8.75,-63.87,77,2.24,10/19/2019
583,mae sai,40,MM,83,20.44,99.89,84,3.36,10/19/2019
584,edd,18,ER,49,13.93,41.69,84.28,0.29,10/19/2019
585,copiapo,15,CL,82,-27.37,-70.33,55.4,6.93,10/19/2019
586,chagda,NaN,NaN,NaN,NaN,NaN,NaN,NaN,10/19/2019
587,cordoba,3,AR,56,-27.78,-67.24,58.58,6.76,10/19/2019
588,esna,5,RO,93,45.2,27.57,50,3.36,10/19/2019
589,barbar,NaN,NaN,NaN,NaN,NaN,NaN,NaN,10/19/2019
590,havoysund,99,NO,57,71,24.66,32.06,2.55,10/19/2019
591,bulgan,85,MN,54,48.81,103.53,32.66,4.12,10/19/2019
592,grindavik,75,IS,75,63.84,-22.43,42.8,6.93,10/19/2019
593,belyy yar,75,RU,79,53.6,91.39,28.4,13.42,10/19/2019
594,yining,0,CN,40,29.04,114.56,78.65,1.21,10/19/2019
595,gurlan,0,UZ,52,41.84,60.39,44.6,2.75,10/19/2019
596,dolbeau,NaN,NaN,NaN,NaN,NaN,NaN,NaN,10/19/2019
597,plymouth,93,GB,95,50.37,-4.14,50,3,10/19/2019
598,beloha,0,MG,51,-25.17,45.06,70.66,3.18,10/19/2019
599,bealanana,2,MG,86,-14.54,48.75,58.94,6.53,10/19/2019
600,kirakira,74,SB,82,-10.46,161.92,82.54,12.84,10/19/2019
601,erzin,75,TR,100,36.95,36.2,69.01,2.24,10/19/2019
602,cranbrook,90,CA,60,49.51,-115.76,41,9.17,10/19/2019
603,road town,1,VG,74,18.42,-64.62,82.4,8.05,10/19/2019
604,vysokogornyy,100,RU,62,50.1,139.13,45.51,4.36,10/19/2019
